-- phpMyAdmin SQL Dump
-- version 5.2.0
-- https://www.phpmyadmin.net/
--
-- Host: 127.0.0.1
-- Generation Time: Nov 27, 2023 at 10:23 AM
-- Server version: 10.4.27-MariaDB
-- PHP Version: 8.2.0

SET SQL_MODE = "NO_AUTO_VALUE_ON_ZERO";
START TRANSACTION;
SET time_zone = "+00:00";


/*!40101 SET @OLD_CHARACTER_SET_CLIENT=@@CHARACTER_SET_CLIENT */;
/*!40101 SET @OLD_CHARACTER_SET_RESULTS=@@CHARACTER_SET_RESULTS */;
/*!40101 SET @OLD_COLLATION_CONNECTION=@@COLLATION_CONNECTION */;
/*!40101 SET NAMES utf8mb4 */;

--
-- Database: `ahp`
--

-- --------------------------------------------------------

--
-- Table structure for table `tb_admin`
--

CREATE TABLE `tb_admin` (
  `user` varchar(16) DEFAULT NULL,
  `pass` varchar(16) DEFAULT NULL
) ENGINE=InnoDB DEFAULT CHARSET=latin1 COLLATE=latin1_swedish_ci;

--
-- Dumping data for table `tb_admin`
--

INSERT INTO `tb_admin` (`user`, `pass`) VALUES
('admin', 'admin');

-- --------------------------------------------------------

--
-- Table structure for table `tb_alternatif`
--

CREATE TABLE `tb_alternatif` (
  `kode_alternatif` varchar(16) NOT NULL,
  `nama_alternatif` varchar(255) DEFAULT NULL,
  `total` double DEFAULT NULL,
  `rank` int(11) DEFAULT NULL
) ENGINE=MyISAM DEFAULT CHARSET=latin1 COLLATE=latin1_swedish_ci;

--
-- Dumping data for table `tb_alternatif`
--

INSERT INTO `tb_alternatif` (`kode_alternatif`, `nama_alternatif`, `total`, `rank`) VALUES
('A', 'Crushlicious', 0.561, 1),
('B', 'Namo.id', 0.2386, 16),
('C', 'Poupeepou', 0.4183, 8),
('D', 'Kefir', 0.2317, 18),
('E', 'Lea Gloria', 0.4005, 9),
('M', 'Jordanie', 0.2797, 14),
('F', 'Natuna oilvera', 0.3375, 13),
('G', 'Oh my skin', 0.4505, 4),
('H', 'Camile', 0.345, 11),
('I', 'Maigoole', 0.2817, 15),
('J', 'Inces', 0.4043, 6),
('K', 'Biu luv	', 0.4397, 5),
('L', 'Olive', 0.2517, 17),
('T', 'Anse', 0.3523, 10),
('N', 'Reisha glow', 0.2227, 19),
('O', 'Masker organik', 0.4746, 3),
('P', 'Bio talk organik	', 0.1809, 20),
('Q', 'Oat Organik	', 0.3224, 12),
('R', 'Fleo	', 0.5405, 2),
('S', 'Kanzo', 0.4016, 7);

-- --------------------------------------------------------

--
-- Table structure for table `tb_kriteria`
--

CREATE TABLE `tb_kriteria` (
  `kode_kriteria` varchar(16) NOT NULL,
  `nama_kriteria` varchar(256) DEFAULT NULL
) ENGINE=MyISAM DEFAULT CHARSET=latin1 COLLATE=latin1_swedish_ci;

--
-- Dumping data for table `tb_kriteria`
--

INSERT INTO `tb_kriteria` (`kode_kriteria`, `nama_kriteria`) VALUES
('c1', 'Varian'),
('c2', 'Ukuran'),
('c3', 'Harga'),
('c4', 'Aroma'),
('c5', 'Cara Penggunaan'),
('c6', 'Aturan Penggunaan'),
('c7', 'Hasil Pemakaian');

-- --------------------------------------------------------

--
-- Table structure for table `tb_rel_alternatif`
--

CREATE TABLE `tb_rel_alternatif` (
  `ID` int(11) NOT NULL,
  `kode_alternatif` varchar(255) DEFAULT NULL,
  `kode_kriteria` varchar(255) DEFAULT NULL,
  `kode_sub` varchar(255) DEFAULT NULL
) ENGINE=MyISAM DEFAULT CHARSET=latin1 COLLATE=latin1_swedish_ci;

--
-- Dumping data for table `tb_rel_alternatif`
--

INSERT INTO `tb_rel_alternatif` (`ID`, `kode_alternatif`, `kode_kriteria`, `kode_sub`) VALUES
(151, 'A1', 'c2', 'c201'),
(150, 'A1', 'c1', 'c103'),
(152, 'A1', 'c3', 'c306'),
(153, 'A1', 'c4', 'c406'),
(154, 'A1', 'c5', 'c502'),
(155, 'A1', 'c6', 'c601'),
(156, 'A1', 'c7', 'c702'),
(157, 'A2', 'c1', 'c102'),
(158, 'A2', 'c2', 'c203'),
(159, 'A2', 'c3', 'c303'),
(160, 'A2', 'c4', 'c404'),
(161, 'A2', 'c5', 'c503'),
(162, 'A2', 'c6', 'c602'),
(163, 'A2', 'c7', 'c702'),
(164, 'A3', 'c1', 'c101'),
(165, 'A3', 'c2', 'c202'),
(166, 'A3', 'c3', 'c301'),
(167, 'A3', 'c4', 'c405'),
(168, 'A3', 'c5', 'c502'),
(169, 'A3', 'c6', 'c601'),
(170, 'A3', 'c7', 'c701'),
(171, 'A4', 'c1', 'c101'),
(172, 'A4', 'c2', 'c203'),
(173, 'A4', 'c3', 'c302'),
(174, 'A4', 'c4', 'c402'),
(175, 'A4', 'c5', 'c502'),
(176, 'A4', 'c6', 'c602'),
(177, 'A4', 'c7', 'c702'),
(178, 'A5', 'c1', '0'),
(179, 'A5', 'c2', '0'),
(180, 'A5', 'c3', '0'),
(181, 'A5', 'c4', '0'),
(182, 'A5', 'c5', '0'),
(183, 'A5', 'c6', '0'),
(184, 'A5', 'c7', '0'),
(185, 'F', 'c1', 'c102'),
(186, 'F', 'c2', 'c203'),
(187, 'F', 'c3', 'c303'),
(188, 'F', 'c4', 'c401'),
(189, 'F', 'c5', 'c403'),
(190, 'F', 'c6', 'c503'),
(191, 'F', 'c7', 'c701'),
(192, 'G', 'c1', 'c101'),
(193, 'G', 'c2', 'c202'),
(194, 'G', 'c3', 'c303'),
(195, 'G', 'c4', 'c305'),
(196, 'G', 'c5', 'c403'),
(197, 'G', 'c6', 'c601'),
(198, 'G', 'c7', 'c701'),
(199, '8', 'c1', '0'),
(200, '8', 'c2', '0'),
(201, '8', 'c3', '0'),
(202, '8', 'c4', '0'),
(203, '8', 'c5', '0'),
(204, '8', 'c6', '0'),
(205, '8', 'c7', '0'),
(206, 'H', 'c1', 'c102'),
(207, 'H', 'c2', 'c202'),
(208, 'H', 'c3', 'c303'),
(209, 'H', 'c4', 'c305'),
(210, 'H', 'c5', 'c403'),
(211, 'H', 'c6', 'c601'),
(212, 'H', 'c7', 'c703'),
(213, 'I', 'c1', 'c103'),
(214, 'I', 'c2', 'c301'),
(215, 'I', 'c3', 'c302'),
(216, 'I', 'c4', 'c401'),
(217, 'I', 'c5', 'c403'),
(218, 'I', 'c6', 'c602'),
(219, 'I', 'c7', 'c703'),
(220, 'J', 'c1', 'c103'),
(221, 'J', 'c2', 'c203'),
(222, 'J', 'c3', 'c302'),
(223, 'J', 'c4', 'c305'),
(224, 'J', 'c5', 'c403'),
(225, 'J', 'c6', 'c503'),
(226, 'J', 'c7', 'c702'),
(227, 'K', 'c1', 'c101'),
(228, 'K', 'c2', 'c301'),
(229, 'K', 'c3', 'c302'),
(230, 'K', 'c4', 'c401'),
(231, 'K', 'c5', 'c403'),
(232, 'K', 'c6', 'c601'),
(233, 'K', 'c7', 'c701'),
(234, 'L', 'c1', 'c102'),
(235, 'L', 'c2', 'c301'),
(236, 'L', 'c3', 'c304'),
(237, 'L', 'c4', 'c402'),
(238, 'L', 'c5', 'c403'),
(239, 'L', 'c6', 'c503'),
(240, 'L', 'c7', 'c703'),
(345, 'O', 'c7', 'c701'),
(344, 'O', 'c6', 'c503'),
(343, 'O', 'c5', 'c403'),
(342, 'O', 'c4', 'c402'),
(341, 'O', 'c3', 'c302'),
(340, 'O', 'c2', 'c203'),
(339, 'O', 'c1', 'c101'),
(248, 'N', 'c1', 'c103'),
(249, 'N', 'c2', 'c203'),
(250, 'N', 'c3', 'c303'),
(251, 'N', 'c4', 'c401'),
(252, 'N', 'c5', 'c403'),
(253, 'N', 'c6', 'c602'),
(254, 'N', 'c7', 'c703'),
(255, '0', 'c1', '0'),
(256, '0', 'c2', '0'),
(257, '0', 'c3', '0'),
(258, '0', 'c4', '0'),
(259, '0', 'c5', '0'),
(260, '0', 'c6', '0'),
(261, '0', 'c7', '0'),
(262, 'P', 'c1', 'c103'),
(263, 'P', 'c2', 'c301'),
(264, 'P', 'c3', 'c304'),
(265, 'P', 'c4', 'c402'),
(266, 'P', 'c5', 'c403'),
(267, 'P', 'c6', 'c601'),
(268, 'P', 'c7', 'c703'),
(269, 'Q', 'c1', 'c102'),
(270, 'Q', 'c2', 'c301'),
(271, 'Q', 'c3', 'c302'),
(272, 'Q', 'c4', 'c401'),
(273, 'Q', 'c5', 'c403'),
(274, 'Q', 'c6', 'c602'),
(275, 'Q', 'c7', 'c702'),
(276, 'R', 'c1', 'c101'),
(277, 'R', 'c2', 'c201'),
(278, 'R', 'c3', 'c302'),
(279, 'R', 'c4', 'c402'),
(280, 'R', 'c5', 'c403'),
(281, 'R', 'c6', 'c503'),
(282, 'R', 'c7', 'c701'),
(338, 'M', 'c7', 'c702'),
(337, 'M', 'c6', 'c601'),
(336, 'M', 'c5', 'c403'),
(335, 'M', 'c4', 'c305'),
(334, 'M', 'c3', 'c303'),
(333, 'M', 'c2', 'c301'),
(332, 'M', 'c1', 'c103'),
(290, 'T', 'c1', 'c103'),
(291, 'T', 'c2', 'c203'),
(292, 'T', 'c3', 'c302'),
(293, 'T', 'c4', 'c401'),
(294, 'T', 'c5', 'c403'),
(295, 'T', 'c6', 'c503'),
(296, 'T', 'c7', 'c703'),
(297, 'A', 'c1', 'c101'),
(298, 'A', 'c2', 'c202'),
(299, 'A', 'c3', 'c302'),
(300, 'A', 'c4', 'c305'),
(301, 'A', 'c5', 'c403'),
(302, 'A', 'c6', 'c503'),
(303, 'A', 'c7', 'c701'),
(304, 'B', 'c1', 'c102'),
(305, 'B', 'c2', 'c203'),
(306, 'B', 'c3', 'c303'),
(307, 'B', 'c4', 'c401'),
(308, 'B', 'c5', 'c501'),
(309, 'B', 'c6', 'c601'),
(310, 'B', 'c7', 'c702'),
(311, 'C', 'c1', 'c102'),
(312, 'C', 'c2', 'c202'),
(313, 'C', 'c3', 'c302'),
(314, 'C', 'c4', 'c305'),
(315, 'C', 'c5', 'c502'),
(316, 'C', 'c6', 'c503'),
(317, 'C', 'c7', 'c701'),
(318, 'D', 'c1', 'c103'),
(319, 'D', 'c2', 'c203'),
(320, 'D', 'c3', 'c303'),
(321, 'D', 'c4', 'c305'),
(322, 'D', 'c5', 'c502'),
(323, 'D', 'c6', 'c601'),
(324, 'D', 'c7', 'c702'),
(325, 'E', 'c1', 'c101'),
(326, 'E', 'c2', 'c203'),
(327, 'E', 'c3', 'c303'),
(328, 'E', 'c4', 'c305'),
(329, 'E', 'c5', 'c403'),
(330, 'E', 'c6', 'c601'),
(331, 'E', 'c7', 'c703'),
(346, 'S', 'c1', 'c103'),
(347, 'S', 'c2', 'c201'),
(348, 'S', 'c3', 'c302'),
(349, 'S', 'c4', 'c402'),
(350, 'S', 'c5', 'c403'),
(351, 'S', 'c6', 'c503'),
(352, 'S', 'c7', 'c703');

-- --------------------------------------------------------

--
-- Table structure for table `tb_rel_kriteria`
--

CREATE TABLE `tb_rel_kriteria` (
  `ID` int(11) NOT NULL,
  `ID1` varchar(16) DEFAULT NULL,
  `ID2` varchar(16) DEFAULT NULL,
  `nilai` double DEFAULT NULL
) ENGINE=MyISAM DEFAULT CHARSET=latin1 COLLATE=latin1_swedish_ci;

--
-- Dumping data for table `tb_rel_kriteria`
--

INSERT INTO `tb_rel_kriteria` (`ID`, `ID1`, `ID2`, `nilai`) VALUES
(206, 'c1', 'c1', 1),
(207, 'c2', 'c1', 1),
(208, 'c2', 'c2', 1),
(209, 'c1', 'c2', 1),
(210, 'c3', 'c1', 1),
(211, 'c3', 'c2', 1),
(212, 'c3', 'c3', 1),
(213, 'c1', 'c3', 1),
(214, 'c2', 'c3', 1),
(228, 'c3', 'c4', 5),
(227, 'c2', 'c4', 3),
(226, 'c1', 'c4', 3),
(225, 'c4', 'c4', 1),
(224, 'c4', 'c3', 0.2),
(223, 'c4', 'c2', 0.333333333),
(222, 'c4', 'c1', 0.333333333),
(229, 'c5', 'c1', 0.333333333),
(230, 'c5', 'c2', 0.333333333),
(231, 'c5', 'c3', 1),
(232, 'c5', 'c4', 0.2),
(233, 'c5', 'c5', 1),
(234, 'c1', 'c5', 3),
(235, 'c2', 'c5', 3),
(236, 'c3', 'c5', 1),
(237, 'c4', 'c5', 5),
(238, 'c6', 'c1', 0.333333333),
(239, 'c6', 'c2', 0.333333333),
(240, 'c6', 'c3', 1),
(241, 'c6', 'c4', 1),
(242, 'c6', 'c5', 0.2),
(243, 'c6', 'c6', 1),
(244, 'c1', 'c6', 3),
(245, 'c2', 'c6', 3),
(246, 'c3', 'c6', 1),
(247, 'c4', 'c6', 1),
(248, 'c5', 'c6', 5),
(249, 'c7', 'c1', 0.2),
(250, 'c7', 'c2', 0.2),
(251, 'c7', 'c3', 0.2),
(252, 'c7', 'c4', 1),
(253, 'c7', 'c5', 1),
(254, 'c7', 'c6', 0.2),
(255, 'c7', 'c7', 1),
(256, 'c1', 'c7', 5),
(257, 'c2', 'c7', 5),
(258, 'c3', 'c7', 5),
(259, 'c4', 'c7', 1),
(260, 'c5', 'c7', 1),
(261, 'c6', 'c7', 5);

-- --------------------------------------------------------

--
-- Table structure for table `tb_rel_sub`
--

CREATE TABLE `tb_rel_sub` (
  `ID` int(11) NOT NULL,
  `ID1` varchar(255) DEFAULT NULL,
  `ID2` varchar(255) DEFAULT NULL,
  `nilai` double DEFAULT NULL,
  `bobot` double DEFAULT NULL
) ENGINE=MyISAM DEFAULT CHARSET=latin1 COLLATE=latin1_swedish_ci;

--
-- Dumping data for table `tb_rel_sub`
--

INSERT INTO `tb_rel_sub` (`ID`, `ID1`, `ID2`, `nilai`, `bobot`) VALUES
(5614, 'c203', 'c103', 1, NULL),
(5613, 'c203', 'c102', 1, NULL),
(5595, 'c102', 'c103', 3, NULL),
(5612, 'c203', 'c101', 1, NULL),
(5594, 'c101', 'c103', 5, NULL),
(5590, 'c101', 'c102', 3, NULL),
(5593, 'c103', 'c103', 1, NULL),
(5611, 'c201', 'c202', 2, NULL),
(5610, 'c103', 'c202', 1, NULL),
(5609, 'c102', 'c202', 1, NULL),
(5608, 'c101', 'c202', 1, NULL),
(5607, 'c202', 'c202', 1, NULL),
(5606, 'c202', 'c201', 0.5, NULL),
(5602, 'c103', 'c201', 1, NULL),
(5601, 'c102', 'c201', 1, NULL),
(5600, 'c101', 'c201', 1, NULL),
(5605, 'c202', 'c103', 1, NULL),
(5599, 'c201', 'c201', 1, NULL),
(5598, 'c201', 'c103', 1, NULL),
(5604, 'c202', 'c102', 1, NULL),
(5597, 'c201', 'c102', 1, NULL),
(5592, 'c103', 'c102', 0.333333333, NULL),
(5589, 'c102', 'c102', 1, NULL),
(5587, 'c101', 'c101', 1, NULL),
(5603, 'c202', 'c101', 1, NULL),
(5596, 'c201', 'c101', 1, NULL),
(5591, 'c103', 'c101', 0.2, NULL),
(5588, 'c102', 'c101', 0.333333333, NULL),
(5615, 'c203', 'c201', 0.333333333, NULL),
(5616, 'c203', 'c202', 0.5, NULL),
(5617, 'c203', 'c203', 1, NULL),
(5618, 'c101', 'c203', 1, NULL),
(5619, 'c102', 'c203', 1, NULL),
(5620, 'c103', 'c203', 1, NULL),
(5621, 'c201', 'c203', 3, NULL),
(5622, 'c202', 'c203', 2, NULL),
(5623, 'c301', 'c101', 1, NULL),
(5624, 'c301', 'c102', 1, NULL),
(5625, 'c301', 'c103', 1, NULL),
(5626, 'c301', 'c201', 0.25, NULL),
(5627, 'c301', 'c202', 0.333333333, NULL),
(5628, 'c301', 'c203', 0.5, NULL),
(5629, 'c301', 'c301', 1, NULL),
(5630, 'c101', 'c301', 1, NULL),
(5631, 'c102', 'c301', 1, NULL),
(5632, 'c103', 'c301', 1, NULL),
(5633, 'c201', 'c301', 4, NULL),
(5634, 'c202', 'c301', 3, NULL),
(5635, 'c203', 'c301', 2, NULL),
(5636, 'c302', 'c101', 1, NULL),
(5637, 'c302', 'c102', 1, NULL),
(5638, 'c302', 'c103', 1, NULL),
(5639, 'c302', 'c201', 1, NULL),
(5640, 'c302', 'c202', 1, NULL),
(5641, 'c302', 'c203', 1, NULL),
(5642, 'c302', 'c301', 0.333333333, NULL),
(5643, 'c302', 'c302', 1, NULL),
(5644, 'c101', 'c302', 1, NULL),
(5645, 'c102', 'c302', 1, NULL),
(5646, 'c103', 'c302', 1, NULL),
(5647, 'c201', 'c302', 1, NULL),
(5648, 'c202', 'c302', 1, NULL),
(5649, 'c203', 'c302', 1, NULL),
(5650, 'c301', 'c302', 3, NULL),
(5651, 'c303', 'c101', 1, NULL),
(5652, 'c303', 'c102', 1, NULL),
(5653, 'c303', 'c103', 1, NULL),
(5654, 'c303', 'c201', 1, NULL),
(5655, 'c303', 'c202', 1, NULL),
(5656, 'c303', 'c203', 1, NULL),
(5657, 'c303', 'c301', 0.2, NULL),
(5658, 'c303', 'c302', 0.333333333, NULL),
(5659, 'c303', 'c303', 1, NULL),
(5660, 'c101', 'c303', 1, NULL),
(5661, 'c102', 'c303', 1, NULL),
(5662, 'c103', 'c303', 1, NULL),
(5663, 'c201', 'c303', 1, NULL),
(5664, 'c202', 'c303', 1, NULL),
(5665, 'c203', 'c303', 1, NULL),
(5666, 'c301', 'c303', 5, NULL),
(5667, 'c302', 'c303', 3, NULL),
(5668, 'c304', 'c101', 1, NULL),
(5669, 'c304', 'c102', 1, NULL),
(5670, 'c304', 'c103', 1, NULL),
(5671, 'c304', 'c201', 1, NULL),
(5672, 'c304', 'c202', 1, NULL),
(5673, 'c304', 'c203', 1, NULL),
(5674, 'c304', 'c301', 0.142857142, NULL),
(5675, 'c304', 'c302', 0.2, NULL),
(5676, 'c304', 'c303', 0.333333333, NULL),
(5677, 'c304', 'c304', 1, NULL),
(5678, 'c101', 'c304', 1, NULL),
(5679, 'c102', 'c304', 1, NULL),
(5680, 'c103', 'c304', 1, NULL),
(5681, 'c201', 'c304', 1, NULL),
(5682, 'c202', 'c304', 1, NULL),
(5683, 'c203', 'c304', 1, NULL),
(5684, 'c301', 'c304', 7, NULL),
(5685, 'c302', 'c304', 5, NULL),
(5686, 'c303', 'c304', 3, NULL),
(5687, 'c305', 'c101', 1, NULL),
(5688, 'c305', 'c102', 1, NULL),
(5689, 'c305', 'c103', 1, NULL),
(5690, 'c305', 'c201', 1, NULL),
(5691, 'c305', 'c202', 1, NULL),
(5692, 'c305', 'c203', 1, NULL),
(5693, 'c305', 'c301', 0.125, NULL),
(5694, 'c305', 'c302', 0.142857142, NULL),
(5695, 'c305', 'c303', 0.2, NULL),
(5696, 'c305', 'c304', 0.333333333, NULL),
(5697, 'c305', 'c305', 1, NULL),
(5698, 'c101', 'c305', 1, NULL),
(5699, 'c102', 'c305', 1, NULL),
(5700, 'c103', 'c305', 1, NULL),
(5701, 'c201', 'c305', 1, NULL),
(5702, 'c202', 'c305', 1, NULL),
(5703, 'c203', 'c305', 1, NULL),
(5704, 'c301', 'c305', 8, NULL),
(5705, 'c302', 'c305', 7, NULL),
(5706, 'c303', 'c305', 5, NULL),
(5707, 'c304', 'c305', 3, NULL),
(5731, 'c401', 'c101', 1, NULL),
(5732, 'c401', 'c102', 1, NULL),
(5733, 'c401', 'c103', 1, NULL),
(5734, 'c401', 'c201', 1, NULL),
(5735, 'c401', 'c202', 1, NULL),
(5736, 'c401', 'c203', 1, NULL),
(5737, 'c401', 'c301', 1, NULL),
(5738, 'c401', 'c302', 1, NULL),
(5739, 'c401', 'c303', 1, NULL),
(5740, 'c401', 'c304', 1, NULL),
(5741, 'c401', 'c305', 0.25, NULL),
(5743, 'c401', 'c401', 1, NULL),
(5744, 'c101', 'c401', 1, NULL),
(5745, 'c102', 'c401', 1, NULL),
(5746, 'c103', 'c401', 1, NULL),
(5747, 'c201', 'c401', 1, NULL),
(5748, 'c202', 'c401', 1, NULL),
(5749, 'c203', 'c401', 1, NULL),
(5750, 'c301', 'c401', 1, NULL),
(5751, 'c302', 'c401', 1, NULL),
(5752, 'c303', 'c401', 1, NULL),
(5753, 'c304', 'c401', 1, NULL),
(5754, 'c305', 'c401', 4, NULL),
(5756, 'c402', 'c101', 1, NULL),
(5757, 'c402', 'c102', 1, NULL),
(5758, 'c402', 'c103', 1, NULL),
(5759, 'c402', 'c201', 1, NULL),
(5760, 'c402', 'c202', 1, NULL),
(5761, 'c402', 'c203', 1, NULL),
(5762, 'c402', 'c301', 1, NULL),
(5763, 'c402', 'c302', 1, NULL),
(5764, 'c402', 'c303', 1, NULL),
(5765, 'c402', 'c304', 1, NULL),
(5766, 'c402', 'c305', 0.166666666, NULL),
(5768, 'c402', 'c401', 0.25, NULL),
(5769, 'c402', 'c402', 1, NULL),
(5770, 'c101', 'c402', 1, NULL),
(5771, 'c102', 'c402', 1, NULL),
(5772, 'c103', 'c402', 1, NULL),
(5773, 'c201', 'c402', 1, NULL),
(5774, 'c202', 'c402', 1, NULL),
(5775, 'c203', 'c402', 1, NULL),
(5776, 'c301', 'c402', 1, NULL),
(5777, 'c302', 'c402', 1, NULL),
(5778, 'c303', 'c402', 1, NULL),
(5779, 'c304', 'c402', 1, NULL),
(5780, 'c305', 'c402', 6, NULL),
(5782, 'c401', 'c402', 4, NULL),
(5783, 'c403', 'c101', 1, NULL),
(5784, 'c403', 'c102', 1, NULL),
(5785, 'c403', 'c103', 1, NULL),
(5786, 'c403', 'c201', 1, NULL),
(5787, 'c403', 'c202', 1, NULL),
(5788, 'c403', 'c203', 1, NULL),
(5789, 'c403', 'c301', 1, NULL),
(5790, 'c403', 'c302', 1, NULL),
(5791, 'c403', 'c303', 1, NULL),
(5792, 'c403', 'c304', 1, NULL),
(5793, 'c403', 'c305', 1, NULL),
(5795, 'c403', 'c401', 0.333333333, NULL),
(5796, 'c403', 'c402', 0.5, NULL),
(5797, 'c403', 'c403', 1, NULL),
(5798, 'c101', 'c403', 1, NULL),
(5799, 'c102', 'c403', 1, NULL),
(5800, 'c103', 'c403', 1, NULL),
(5801, 'c201', 'c403', 1, NULL),
(5802, 'c202', 'c403', 1, NULL),
(5803, 'c203', 'c403', 1, NULL),
(5804, 'c301', 'c403', 1, NULL),
(5805, 'c302', 'c403', 1, NULL),
(5806, 'c303', 'c403', 1, NULL),
(5807, 'c304', 'c403', 1, NULL),
(5808, 'c305', 'c403', 1, NULL),
(5810, 'c401', 'c403', 3, NULL),
(5811, 'c402', 'c403', 2, NULL),
(5911, 'c501', 'c101', 1, NULL),
(5912, 'c501', 'c102', 1, NULL),
(5913, 'c501', 'c103', 1, NULL),
(5914, 'c501', 'c201', 1, NULL),
(5915, 'c501', 'c202', 1, NULL),
(5916, 'c501', 'c203', 1, NULL),
(5917, 'c501', 'c301', 1, NULL),
(5918, 'c501', 'c302', 1, NULL),
(5919, 'c501', 'c303', 1, NULL),
(5920, 'c501', 'c304', 1, NULL),
(5921, 'c501', 'c305', 1, NULL),
(5923, 'c501', 'c401', 1, NULL),
(5924, 'c501', 'c402', 1, NULL),
(5925, 'c501', 'c403', 0.333333333, NULL),
(5929, 'c501', 'c501', 1, NULL),
(5930, 'c101', 'c501', 1, NULL),
(5931, 'c102', 'c501', 1, NULL),
(5932, 'c103', 'c501', 1, NULL),
(5933, 'c201', 'c501', 1, NULL),
(5934, 'c202', 'c501', 1, NULL),
(5935, 'c203', 'c501', 1, NULL),
(5936, 'c301', 'c501', 1, NULL),
(5937, 'c302', 'c501', 1, NULL),
(5938, 'c303', 'c501', 1, NULL),
(5939, 'c304', 'c501', 1, NULL),
(5940, 'c305', 'c501', 1, NULL),
(5942, 'c401', 'c501', 1, NULL),
(5943, 'c402', 'c501', 1, NULL),
(5944, 'c403', 'c501', 3, NULL),
(5948, 'c502', 'c101', 1, NULL),
(5949, 'c502', 'c102', 1, NULL),
(5950, 'c502', 'c103', 1, NULL),
(5951, 'c502', 'c201', 1, NULL),
(5952, 'c502', 'c202', 1, NULL),
(5953, 'c502', 'c203', 1, NULL),
(5954, 'c502', 'c301', 1, NULL),
(5955, 'c502', 'c302', 1, NULL),
(5956, 'c502', 'c303', 1, NULL),
(5957, 'c502', 'c304', 1, NULL),
(5958, 'c502', 'c305', 1, NULL),
(5960, 'c502', 'c401', 1, NULL),
(5961, 'c502', 'c402', 1, NULL),
(5962, 'c502', 'c403', 0.2, NULL),
(5966, 'c502', 'c501', 0.333333333, NULL),
(5967, 'c502', 'c502', 1, NULL),
(5968, 'c101', 'c502', 1, NULL),
(5969, 'c102', 'c502', 1, NULL),
(5970, 'c103', 'c502', 1, NULL),
(5971, 'c201', 'c502', 1, NULL),
(5972, 'c202', 'c502', 1, NULL),
(5973, 'c203', 'c502', 1, NULL),
(5974, 'c301', 'c502', 1, NULL),
(5975, 'c302', 'c502', 1, NULL),
(5976, 'c303', 'c502', 1, NULL),
(5977, 'c304', 'c502', 1, NULL),
(5978, 'c305', 'c502', 1, NULL),
(5980, 'c401', 'c502', 1, NULL),
(5981, 'c402', 'c502', 1, NULL),
(5982, 'c403', 'c502', 5, NULL),
(5986, 'c501', 'c502', 3, NULL),
(5987, 'c503', 'c101', 1, NULL),
(5988, 'c503', 'c102', 1, NULL),
(5989, 'c503', 'c103', 1, NULL),
(5990, 'c503', 'c201', 1, NULL),
(5991, 'c503', 'c202', 1, NULL),
(5992, 'c503', 'c203', 1, NULL),
(5993, 'c503', 'c301', 1, NULL),
(5994, 'c503', 'c302', 1, NULL),
(5995, 'c503', 'c303', 1, NULL),
(5996, 'c503', 'c304', 1, NULL),
(5997, 'c503', 'c305', 1, NULL),
(5999, 'c503', 'c401', 1, NULL),
(6000, 'c503', 'c402', 1, NULL),
(6001, 'c503', 'c403', 1, NULL),
(6005, 'c503', 'c501', 0.2, NULL),
(6006, 'c503', 'c502', 0.333333333, NULL),
(6007, 'c503', 'c503', 1, NULL),
(6008, 'c101', 'c503', 1, NULL),
(6009, 'c102', 'c503', 1, NULL),
(6010, 'c103', 'c503', 1, NULL),
(6011, 'c201', 'c503', 1, NULL),
(6012, 'c202', 'c503', 1, NULL),
(6013, 'c203', 'c503', 1, NULL),
(6014, 'c301', 'c503', 1, NULL),
(6015, 'c302', 'c503', 1, NULL),
(6016, 'c303', 'c503', 1, NULL),
(6017, 'c304', 'c503', 1, NULL),
(6018, 'c305', 'c503', 1, NULL),
(6020, 'c401', 'c503', 1, NULL),
(6021, 'c402', 'c503', 1, NULL),
(6022, 'c403', 'c503', 1, NULL),
(6026, 'c501', 'c503', 5, NULL),
(6027, 'c502', 'c503', 3, NULL),
(6028, 'c601', 'c101', 1, NULL),
(6029, 'c601', 'c102', 1, NULL),
(6030, 'c601', 'c103', 1, NULL),
(6031, 'c601', 'c201', 1, NULL),
(6032, 'c601', 'c202', 1, NULL),
(6033, 'c601', 'c203', 1, NULL),
(6034, 'c601', 'c301', 1, NULL),
(6035, 'c601', 'c302', 1, NULL),
(6036, 'c601', 'c303', 1, NULL),
(6037, 'c601', 'c304', 1, NULL),
(6038, 'c601', 'c305', 1, NULL),
(6040, 'c601', 'c401', 1, NULL),
(6041, 'c601', 'c402', 1, NULL),
(6042, 'c601', 'c403', 1, NULL),
(6046, 'c601', 'c501', 1, NULL),
(6047, 'c601', 'c502', 1, NULL),
(6048, 'c601', 'c503', 0.333333333, NULL),
(6049, 'c601', 'c601', 1, NULL),
(6050, 'c101', 'c601', 1, NULL),
(6051, 'c102', 'c601', 1, NULL),
(6052, 'c103', 'c601', 1, NULL),
(6053, 'c201', 'c601', 1, NULL),
(6054, 'c202', 'c601', 1, NULL),
(6055, 'c203', 'c601', 1, NULL),
(6056, 'c301', 'c601', 1, NULL),
(6057, 'c302', 'c601', 1, NULL),
(6058, 'c303', 'c601', 1, NULL),
(6059, 'c304', 'c601', 1, NULL),
(6060, 'c305', 'c601', 1, NULL),
(6062, 'c401', 'c601', 1, NULL),
(6063, 'c402', 'c601', 1, NULL),
(6064, 'c403', 'c601', 1, NULL),
(6068, 'c501', 'c601', 1, NULL),
(6069, 'c502', 'c601', 1, NULL),
(6070, 'c503', 'c601', 3, NULL),
(6071, 'c602', 'c101', 1, NULL),
(6072, 'c602', 'c102', 1, NULL),
(6073, 'c602', 'c103', 1, NULL),
(6074, 'c602', 'c201', 1, NULL),
(6075, 'c602', 'c202', 1, NULL),
(6076, 'c602', 'c203', 1, NULL),
(6077, 'c602', 'c301', 1, NULL),
(6078, 'c602', 'c302', 1, NULL),
(6079, 'c602', 'c303', 1, NULL),
(6080, 'c602', 'c304', 1, NULL),
(6081, 'c602', 'c305', 1, NULL),
(6083, 'c602', 'c401', 1, NULL),
(6084, 'c602', 'c402', 1, NULL),
(6085, 'c602', 'c403', 1, NULL),
(6089, 'c602', 'c501', 1, NULL),
(6090, 'c602', 'c502', 1, NULL),
(6091, 'c602', 'c503', 0.166666666, NULL),
(6092, 'c602', 'c601', 0.25, NULL),
(6093, 'c602', 'c602', 1, NULL),
(6094, 'c101', 'c602', 1, NULL),
(6095, 'c102', 'c602', 1, NULL),
(6096, 'c103', 'c602', 1, NULL),
(6097, 'c201', 'c602', 1, NULL),
(6098, 'c202', 'c602', 1, NULL),
(6099, 'c203', 'c602', 1, NULL),
(6100, 'c301', 'c602', 1, NULL),
(6101, 'c302', 'c602', 1, NULL),
(6102, 'c303', 'c602', 1, NULL),
(6103, 'c304', 'c602', 1, NULL),
(6104, 'c305', 'c602', 1, NULL),
(6106, 'c401', 'c602', 1, NULL),
(6107, 'c402', 'c602', 1, NULL),
(6108, 'c403', 'c602', 1, NULL),
(6112, 'c501', 'c602', 1, NULL),
(6113, 'c502', 'c602', 1, NULL),
(6114, 'c503', 'c602', 6, NULL),
(6115, 'c601', 'c602', 4, NULL),
(6116, 'c701', 'c101', 1, NULL),
(6117, 'c701', 'c102', 1, NULL),
(6118, 'c701', 'c103', 1, NULL),
(6119, 'c701', 'c201', 1, NULL),
(6120, 'c701', 'c202', 1, NULL),
(6121, 'c701', 'c203', 1, NULL),
(6122, 'c701', 'c301', 1, NULL),
(6123, 'c701', 'c302', 1, NULL),
(6124, 'c701', 'c303', 1, NULL),
(6125, 'c701', 'c304', 1, NULL),
(6126, 'c701', 'c305', 1, NULL),
(6128, 'c701', 'c401', 1, NULL),
(6129, 'c701', 'c402', 1, NULL),
(6130, 'c701', 'c403', 1, NULL),
(6134, 'c701', 'c501', 1, NULL),
(6135, 'c701', 'c502', 1, NULL),
(6136, 'c701', 'c503', 1, NULL),
(6137, 'c701', 'c601', 1, NULL),
(6138, 'c701', 'c602', 1, NULL),
(6139, 'c701', 'c701', 1, NULL),
(6140, 'c101', 'c701', 1, NULL),
(6141, 'c102', 'c701', 1, NULL),
(6142, 'c103', 'c701', 1, NULL),
(6143, 'c201', 'c701', 1, NULL),
(6144, 'c202', 'c701', 1, NULL),
(6145, 'c203', 'c701', 1, NULL),
(6146, 'c301', 'c701', 1, NULL),
(6147, 'c302', 'c701', 1, NULL),
(6148, 'c303', 'c701', 1, NULL),
(6149, 'c304', 'c701', 1, NULL),
(6150, 'c305', 'c701', 1, NULL),
(6152, 'c401', 'c701', 1, NULL),
(6153, 'c402', 'c701', 1, NULL),
(6154, 'c403', 'c701', 1, NULL),
(6158, 'c501', 'c701', 1, NULL),
(6159, 'c502', 'c701', 1, NULL),
(6160, 'c503', 'c701', 1, NULL),
(6161, 'c601', 'c701', 1, NULL),
(6162, 'c602', 'c701', 1, NULL),
(6163, 'c702', 'c101', 1, NULL),
(6164, 'c702', 'c102', 1, NULL),
(6165, 'c702', 'c103', 1, NULL),
(6166, 'c702', 'c201', 1, NULL),
(6167, 'c702', 'c202', 1, NULL),
(6168, 'c702', 'c203', 1, NULL),
(6169, 'c702', 'c301', 1, NULL),
(6170, 'c702', 'c302', 1, NULL),
(6171, 'c702', 'c303', 1, NULL),
(6172, 'c702', 'c304', 1, NULL),
(6173, 'c702', 'c305', 1, NULL),
(6175, 'c702', 'c401', 1, NULL),
(6176, 'c702', 'c402', 1, NULL),
(6177, 'c702', 'c403', 1, NULL),
(6181, 'c702', 'c501', 1, NULL),
(6182, 'c702', 'c502', 1, NULL),
(6183, 'c702', 'c503', 1, NULL),
(6184, 'c702', 'c601', 1, NULL),
(6185, 'c702', 'c602', 1, NULL),
(6186, 'c702', 'c701', 0.333333333, NULL),
(6187, 'c702', 'c702', 1, NULL),
(6188, 'c101', 'c702', 1, NULL),
(6189, 'c102', 'c702', 1, NULL),
(6190, 'c103', 'c702', 1, NULL),
(6191, 'c201', 'c702', 1, NULL),
(6192, 'c202', 'c702', 1, NULL),
(6193, 'c203', 'c702', 1, NULL),
(6194, 'c301', 'c702', 1, NULL),
(6195, 'c302', 'c702', 1, NULL),
(6196, 'c303', 'c702', 1, NULL),
(6197, 'c304', 'c702', 1, NULL),
(6198, 'c305', 'c702', 1, NULL),
(6200, 'c401', 'c702', 1, NULL),
(6201, 'c402', 'c702', 1, NULL),
(6202, 'c403', 'c702', 1, NULL),
(6206, 'c501', 'c702', 1, NULL),
(6207, 'c502', 'c702', 1, NULL),
(6208, 'c503', 'c702', 1, NULL),
(6209, 'c601', 'c702', 1, NULL),
(6210, 'c602', 'c702', 1, NULL),
(6211, 'c701', 'c702', 3, NULL),
(6212, 'c603', 'c101', 1, NULL),
(6213, 'c603', 'c102', 1, NULL),
(6214, 'c603', 'c103', 1, NULL),
(6215, 'c603', 'c201', 1, NULL),
(6216, 'c603', 'c202', 1, NULL),
(6217, 'c603', 'c203', 1, NULL),
(6218, 'c603', 'c301', 1, NULL),
(6219, 'c603', 'c302', 1, NULL),
(6220, 'c603', 'c303', 1, NULL),
(6221, 'c603', 'c304', 1, NULL),
(6222, 'c603', 'c305', 1, NULL),
(6224, 'c603', 'c401', 1, NULL),
(6225, 'c603', 'c402', 1, NULL),
(6226, 'c603', 'c403', 1, NULL),
(6230, 'c603', 'c501', 1, NULL),
(6231, 'c603', 'c502', 1, NULL),
(6232, 'c603', 'c503', 1, NULL),
(6233, 'c603', 'c601', 0.333333333, NULL),
(6234, 'c603', 'c602', 0.5, NULL),
(6235, 'c603', 'c603', 1, NULL),
(6236, 'c603', 'c701', 3, NULL),
(6237, 'c603', 'c702', 5, NULL),
(6238, 'c101', 'c603', 1, NULL),
(6239, 'c102', 'c603', 1, NULL),
(6240, 'c103', 'c603', 1, NULL),
(6241, 'c201', 'c603', 1, NULL),
(6242, 'c202', 'c603', 1, NULL),
(6243, 'c203', 'c603', 1, NULL),
(6244, 'c301', 'c603', 1, NULL),
(6245, 'c302', 'c603', 1, NULL),
(6246, 'c303', 'c603', 1, NULL),
(6247, 'c304', 'c603', 1, NULL),
(6248, 'c305', 'c603', 1, NULL),
(6250, 'c401', 'c603', 1, NULL),
(6251, 'c402', 'c603', 1, NULL),
(6252, 'c403', 'c603', 1, NULL),
(6256, 'c501', 'c603', 1, NULL),
(6257, 'c502', 'c603', 1, NULL),
(6258, 'c503', 'c603', 1, NULL),
(6259, 'c601', 'c603', 3, NULL),
(6260, 'c602', 'c603', 2, NULL),
(6261, 'c701', 'c603', 0.333333333, NULL),
(6262, 'c702', 'c603', 0.2, NULL);

-- --------------------------------------------------------

--
-- Table structure for table `tb_sub`
--

CREATE TABLE `tb_sub` (
  `kode_sub` varchar(255) NOT NULL,
  `kode_kriteria` varchar(255) DEFAULT NULL,
  `nama_sub` varchar(255) DEFAULT NULL,
  `nilai_sub` double DEFAULT NULL
) ENGINE=InnoDB DEFAULT CHARSET=latin1 COLLATE=latin1_swedish_ci;

--
-- Dumping data for table `tb_sub`
--

INSERT INTO `tb_sub` (`kode_sub`, `kode_kriteria`, `nama_sub`, `nilai_sub`) VALUES
('c101', 'c1', 'Coklat', 0.63334572036725),
('c102', 'c1', 'Coffee', 0.26049795609934),
('c103', 'c1', 'Greentea', 0.10615632353341),
('c201', 'c2', '10 gram', 0.46581939802385),
('c202', 'c2', '25 gram', 0.2771404682427),
('c203', 'c2', '50 gram', 0.16107023408295),
('c301', 'c2', '100 gram', 0.095969899650503),
('c302', 'c3', 'Murah', 0.63334572036725),
('c303', 'c3', 'Sedang', 0.26049795609934),
('c304', 'c3', 'Mahal', 0.10615632353341),
('c305', 'c4', 'Wangi', 0.67108055354422),
('c401', 'c4', 'Kurang Wangi', 0.24352771414363),
('c402', 'c4', 'Tidak Wangi', 0.085391732312148),
('c403', 'c5', 'Di oles', 0.63334572036725),
('c501', 'c5', 'Di tempel di wajah', 0.26049795609934),
('c502', 'c5', 'Di tap-tap di wajah', 0.10615632353341),
('c503', 'c6', '1 kali seminggu', 0.63933452183561),
('c601', 'c6', '2 kali seminggu', 0.27371756781052),
('c602', 'c6', '3 kali seminggu', 0.086947910353865),
('c701', 'c7', 'Lembab', 0.63334572036725),
('c702', 'c7', 'Halus', 0.26049795609934),
('c703', 'c7', 'Cerah', 0.10615632353341);

--
-- Indexes for dumped tables
--

--
-- Indexes for table `tb_alternatif`
--
ALTER TABLE `tb_alternatif`
  ADD PRIMARY KEY (`kode_alternatif`);

--
-- Indexes for table `tb_kriteria`
--
ALTER TABLE `tb_kriteria`
  ADD PRIMARY KEY (`kode_kriteria`);

--
-- Indexes for table `tb_rel_alternatif`
--
ALTER TABLE `tb_rel_alternatif`
  ADD PRIMARY KEY (`ID`);

--
-- Indexes for table `tb_rel_kriteria`
--
ALTER TABLE `tb_rel_kriteria`
  ADD PRIMARY KEY (`ID`);

--
-- Indexes for table `tb_rel_sub`
--
ALTER TABLE `tb_rel_sub`
  ADD PRIMARY KEY (`ID`);

--
-- Indexes for table `tb_sub`
--
ALTER TABLE `tb_sub`
  ADD PRIMARY KEY (`kode_sub`);

--
-- AUTO_INCREMENT for dumped tables
--

--
-- AUTO_INCREMENT for table `tb_rel_alternatif`
--
ALTER TABLE `tb_rel_alternatif`
  MODIFY `ID` int(11) NOT NULL AUTO_INCREMENT, AUTO_INCREMENT=408;

--
-- AUTO_INCREMENT for table `tb_rel_kriteria`
--
ALTER TABLE `tb_rel_kriteria`
  MODIFY `ID` int(11) NOT NULL AUTO_INCREMENT, AUTO_INCREMENT=292;

--
-- AUTO_INCREMENT for table `tb_rel_sub`
--
ALTER TABLE `tb_rel_sub`
  MODIFY `ID` int(11) NOT NULL AUTO_INCREMENT, AUTO_INCREMENT=6447;
COMMIT;

/*!40101 SET CHARACTER_SET_CLIENT=@OLD_CHARACTER_SET_CLIENT */;
/*!40101 SET CHARACTER_SET_RESULTS=@OLD_CHARACTER_SET_RESULTS */;
/*!40101 SET COLLATION_CONNECTION=@OLD_COLLATION_CONNECTION */;
